KA,u,4,66.17,67.75, 1.58
QA,u,3,65.36,66.75, 1.39
JA,u,2,64.60,65.75, 1.15
TA,u,1,63.88,64.75, 0.87
QK,u,4,62.48,65.00, 2.52
9A,u,0,62.10,63.75, 1.65
JK,u,3,61.69,64.00, 2.31
8A,u,0,61.37,62.75, 1.38
TK,u,2,60.98,63.00, 2.02
7A,u,0,60.51,61.75, 1.24
JQ,u,4,59.37,62.25, 2.88
9K,u,1,59.22,62.00, 2.78
5A,u,1,59.65,59.75, 0.10
6A,u,0,59.49,60.75, 1.26
TQ,u,3,58.64,61.25, 2.61
4A,u,2,58.72,58.75, 0.03
8K,u,0,57.61,61.00, 3.39
3A,u,3,57.84,57.75,-0.09
9Q,u,2,56.86,60.25, 3.39
TJ,u,4,56.67,59.50, 2.83
7K,u,0,56.96,60.00, 3.04
2A,u,4,56.91,56.75,-0.16
6K,u,0,56.15,59.00, 2.85
8Q,u,1,55.27,59.25, 3.98
5K,u,0,55.37,58.00, 2.63
9J,u,3,54.86,58.50, 3.64
4K,u,0,54.43,57.00, 2.57
7Q,u,0,53.62,58.25, 4.63
9T,u,4,53.25,56.75, 3.50
8J,u,2,53.26,57.50, 4.24
3K,u,0,53.52,56.00, 2.48
6Q,u,0,53.06,57.25, 4.19
2K,u,0,52.59,55.00, 2.41
5Q,u,0,52.28,56.25, 3.97
8T,u,3,51.63,55.75, 4.12
7J,u,1,51.64,56.50, 4.86
4Q,u,0,51.33,55.25, 3.92
3Q,u,0,50.41,54.25, 3.84
89,u,4,50.13,54.00, 3.87
7T,u,2,49.99,54.75, 4.76
6J,u,0,49.97,55.50, 5.53
2Q,u,0,49.48,53.25, 3.77
5J,u,0,49.45,54.50, 5.05
79,u,3,48.52,53.00, 4.48
4J,u,0,48.51,53.50, 4.99
6T,u,1,48.34,53.75, 5.41
3J,u,0,47.59,52.50, 4.91
78,u,4,47.41,51.25, 3.84
69,u,2,46.88,52.00, 5.12
2J,u,0,46.65,51.50, 4.85
5T,u,0,46.65,52.75, 6.10
4T,u,0,45.96,51.75, 5.79
68,u,3,45.79,50.25, 4.46
59,u,1,45.20,51.00, 5.80
3T,u,0,45.04,50.75, 5.71
67,u,4,44.99,48.50, 3.51
2T,u,0,44.10,49.75, 5.65
58,u,2,44.11,49.25, 5.14
49,u,0,43.26,50.00, 6.74
57,u,3,43.34,47.50, 4.16
39,u,0,42.61,49.00, 6.39
56,u,4,42.87,45.75, 2.88
48,u,1,42.19,48.25, 6.06
29,u,0,41.68,48.00, 6.32
47,u,2,41.44,46.50, 5.06
45,u,4,41.23,43.00, 1.77
46,u,3,41.01,44.75, 3.74
38,u,0,40.22,47.25, 7.03
28,u,0,39.57,46.25, 6.68
37,u,1,39.49,45.50, 6.01
35,u,3,39.36,42.00, 2.64
36,u,2,39.09,43.75, 4.66
34,u,4,38.23,40.25, 2.02
27,u,0,37.46,44.50, 7.04
25,u,2,37.37,41.00, 3.63
26,u,1,37.07,42.75, 5.68
24,u,3,36.28,39.25, 2.97
23,u,4,35.37,37.50, 2.13
